-- AUTO-GENERATED by supabase/generate-seed.mjs. Do not edit by hand.
-- Run supabase/schema.sql first, then this file.
begin;

-- Teams (48)
insert into public.teams (id, group_code, name, short_name, flag_code, confederation, seed) values ('mexico', 'A', 'Mexico', 'MEX', 'mx', 'Concacaf', 1) on conflict (id) do update set group_code = excluded.group_code, name = excluded.name, short_name = excluded.short_name, flag_code = excluded.flag_code, confederation = excluded.confederation, seed = excluded.seed;
insert into public.teams (id, group_code, name, short_name, flag_code, confederation, seed) values ('south-africa', 'A', 'South Africa', 'RSA', 'za', 'CAF', 2) on conflict (id) do update set group_code = excluded.group_code, name = excluded.name, short_name = excluded.short_name, flag_code = excluded.flag_code, confederation = excluded.confederation, seed = excluded.seed;
insert into public.teams (id, group_code, name, short_name, flag_code, confederation, seed) values ('korea-republic', 'A', 'Korea Republic', 'KOR', 'kr', 'AFC', 3) on conflict (id) do update set group_code = excluded.group_code, name = excluded.name, short_name = excluded.short_name, flag_code = excluded.flag_code, confederation = excluded.confederation, seed = excluded.seed;
insert into public.teams (id, group_code, name, short_name, flag_code, confederation, seed) values ('czechia', 'A', 'Czechia', 'CZE', 'cz', 'UEFA', 4) on conflict (id) do update set group_code = excluded.group_code, name = excluded.name, short_name = excluded.short_name, flag_code = excluded.flag_code, confederation = excluded.confederation, seed = excluded.seed;
insert into public.teams (id, group_code, name, short_name, flag_code, confederation, seed) values ('canada', 'B', 'Canada', 'CAN', 'ca', 'Concacaf', 1) on conflict (id) do update set group_code = excluded.group_code, name = excluded.name, short_name = excluded.short_name, flag_code = excluded.flag_code, confederation = excluded.confederation, seed = excluded.seed;
insert into public.teams (id, group_code, name, short_name, flag_code, confederation, seed) values ('bosnia-herzegovina', 'B', 'Bosnia and Herzegovina', 'BIH', 'ba', 'UEFA', 2) on conflict (id) do update set group_code = excluded.group_code, name = excluded.name, short_name = excluded.short_name, flag_code = excluded.flag_code, confederation = excluded.confederation, seed = excluded.seed;
insert into public.teams (id, group_code, name, short_name, flag_code, confederation, seed) values ('qatar', 'B', 'Qatar', 'QAT', 'qa', 'AFC', 3) on conflict (id) do update set group_code = excluded.group_code, name = excluded.name, short_name = excluded.short_name, flag_code = excluded.flag_code, confederation = excluded.confederation, seed = excluded.seed;
insert into public.teams (id, group_code, name, short_name, flag_code, confederation, seed) values ('switzerland', 'B', 'Switzerland', 'SUI', 'ch', 'UEFA', 4) on conflict (id) do update set group_code = excluded.group_code, name = excluded.name, short_name = excluded.short_name, flag_code = excluded.flag_code, confederation = excluded.confederation, seed = excluded.seed;
insert into public.teams (id, group_code, name, short_name, flag_code, confederation, seed) values ('brazil', 'C', 'Brazil', 'BRA', 'br', 'CONMEBOL', 1) on conflict (id) do update set group_code = excluded.group_code, name = excluded.name, short_name = excluded.short_name, flag_code = excluded.flag_code, confederation = excluded.confederation, seed = excluded.seed;
insert into public.teams (id, group_code, name, short_name, flag_code, confederation, seed) values ('morocco', 'C', 'Morocco', 'MAR', 'ma', 'CAF', 2) on conflict (id) do update set group_code = excluded.group_code, name = excluded.name, short_name = excluded.short_name, flag_code = excluded.flag_code, confederation = excluded.confederation, seed = excluded.seed;
insert into public.teams (id, group_code, name, short_name, flag_code, confederation, seed) values ('haiti', 'C', 'Haiti', 'HAI', 'ht', 'Concacaf', 3) on conflict (id) do update set group_code = excluded.group_code, name = excluded.name, short_name = excluded.short_name, flag_code = excluded.flag_code, confederation = excluded.confederation, seed = excluded.seed;
insert into public.teams (id, group_code, name, short_name, flag_code, confederation, seed) values ('scotland', 'C', 'Scotland', 'SCO', 'gb-sct', 'UEFA', 4) on conflict (id) do update set group_code = excluded.group_code, name = excluded.name, short_name = excluded.short_name, flag_code = excluded.flag_code, confederation = excluded.confederation, seed = excluded.seed;
insert into public.teams (id, group_code, name, short_name, flag_code, confederation, seed) values ('usa', 'D', 'United States', 'USA', 'us', 'Concacaf', 1) on conflict (id) do update set group_code = excluded.group_code, name = excluded.name, short_name = excluded.short_name, flag_code = excluded.flag_code, confederation = excluded.confederation, seed = excluded.seed;
insert into public.teams (id, group_code, name, short_name, flag_code, confederation, seed) values ('paraguay', 'D', 'Paraguay', 'PAR', 'py', 'CONMEBOL', 2) on conflict (id) do update set group_code = excluded.group_code, name = excluded.name, short_name = excluded.short_name, flag_code = excluded.flag_code, confederation = excluded.confederation, seed = excluded.seed;
insert into public.teams (id, group_code, name, short_name, flag_code, confederation, seed) values ('australia', 'D', 'Australia', 'AUS', 'au', 'AFC', 3) on conflict (id) do update set group_code = excluded.group_code, name = excluded.name, short_name = excluded.short_name, flag_code = excluded.flag_code, confederation = excluded.confederation, seed = excluded.seed;
insert into public.teams (id, group_code, name, short_name, flag_code, confederation, seed) values ('turkiye', 'D', 'Türkiye', 'TUR', 'tr', 'UEFA', 4) on conflict (id) do update set group_code = excluded.group_code, name = excluded.name, short_name = excluded.short_name, flag_code = excluded.flag_code, confederation = excluded.confederation, seed = excluded.seed;
insert into public.teams (id, group_code, name, short_name, flag_code, confederation, seed) values ('germany', 'E', 'Germany', 'GER', 'de', 'UEFA', 1) on conflict (id) do update set group_code = excluded.group_code, name = excluded.name, short_name = excluded.short_name, flag_code = excluded.flag_code, confederation = excluded.confederation, seed = excluded.seed;
insert into public.teams (id, group_code, name, short_name, flag_code, confederation, seed) values ('curacao', 'E', 'Curaçao', 'CUW', 'cw', 'Concacaf', 2) on conflict (id) do update set group_code = excluded.group_code, name = excluded.name, short_name = excluded.short_name, flag_code = excluded.flag_code, confederation = excluded.confederation, seed = excluded.seed;
insert into public.teams (id, group_code, name, short_name, flag_code, confederation, seed) values ('cote-divoire', 'E', 'Côte d''Ivoire', 'CIV', 'ci', 'CAF', 3) on conflict (id) do update set group_code = excluded.group_code, name = excluded.name, short_name = excluded.short_name, flag_code = excluded.flag_code, confederation = excluded.confederation, seed = excluded.seed;
insert into public.teams (id, group_code, name, short_name, flag_code, confederation, seed) values ('ecuador', 'E', 'Ecuador', 'ECU', 'ec', 'CONMEBOL', 4) on conflict (id) do update set group_code = excluded.group_code, name = excluded.name, short_name = excluded.short_name, flag_code = excluded.flag_code, confederation = excluded.confederation, seed = excluded.seed;
insert into public.teams (id, group_code, name, short_name, flag_code, confederation, seed) values ('netherlands', 'F', 'Netherlands', 'NED', 'nl', 'UEFA', 1) on conflict (id) do update set group_code = excluded.group_code, name = excluded.name, short_name = excluded.short_name, flag_code = excluded.flag_code, confederation = excluded.confederation, seed = excluded.seed;
insert into public.teams (id, group_code, name, short_name, flag_code, confederation, seed) values ('japan', 'F', 'Japan', 'JPN', 'jp', 'AFC', 2) on conflict (id) do update set group_code = excluded.group_code, name = excluded.name, short_name = excluded.short_name, flag_code = excluded.flag_code, confederation = excluded.confederation, seed = excluded.seed;
insert into public.teams (id, group_code, name, short_name, flag_code, confederation, seed) values ('sweden', 'F', 'Sweden', 'SWE', 'se', 'UEFA', 3) on conflict (id) do update set group_code = excluded.group_code, name = excluded.name, short_name = excluded.short_name, flag_code = excluded.flag_code, confederation = excluded.confederation, seed = excluded.seed;
insert into public.teams (id, group_code, name, short_name, flag_code, confederation, seed) values ('tunisia', 'F', 'Tunisia', 'TUN', 'tn', 'CAF', 4) on conflict (id) do update set group_code = excluded.group_code, name = excluded.name, short_name = excluded.short_name, flag_code = excluded.flag_code, confederation = excluded.confederation, seed = excluded.seed;
insert into public.teams (id, group_code, name, short_name, flag_code, confederation, seed) values ('belgium', 'G', 'Belgium', 'BEL', 'be', 'UEFA', 1) on conflict (id) do update set group_code = excluded.group_code, name = excluded.name, short_name = excluded.short_name, flag_code = excluded.flag_code, confederation = excluded.confederation, seed = excluded.seed;
insert into public.teams (id, group_code, name, short_name, flag_code, confederation, seed) values ('egypt', 'G', 'Egypt', 'EGY', 'eg', 'CAF', 2) on conflict (id) do update set group_code = excluded.group_code, name = excluded.name, short_name = excluded.short_name, flag_code = excluded.flag_code, confederation = excluded.confederation, seed = excluded.seed;
insert into public.teams (id, group_code, name, short_name, flag_code, confederation, seed) values ('iran', 'G', 'IR Iran', 'IRN', 'ir', 'AFC', 3) on conflict (id) do update set group_code = excluded.group_code, name = excluded.name, short_name = excluded.short_name, flag_code = excluded.flag_code, confederation = excluded.confederation, seed = excluded.seed;
insert into public.teams (id, group_code, name, short_name, flag_code, confederation, seed) values ('new-zealand', 'G', 'New Zealand', 'NZL', 'nz', 'OFC', 4) on conflict (id) do update set group_code = excluded.group_code, name = excluded.name, short_name = excluded.short_name, flag_code = excluded.flag_code, confederation = excluded.confederation, seed = excluded.seed;
insert into public.teams (id, group_code, name, short_name, flag_code, confederation, seed) values ('spain', 'H', 'Spain', 'ESP', 'es', 'UEFA', 1) on conflict (id) do update set group_code = excluded.group_code, name = excluded.name, short_name = excluded.short_name, flag_code = excluded.flag_code, confederation = excluded.confederation, seed = excluded.seed;
insert into public.teams (id, group_code, name, short_name, flag_code, confederation, seed) values ('cabo-verde', 'H', 'Cabo Verde', 'CPV', 'cv', 'CAF', 2) on conflict (id) do update set group_code = excluded.group_code, name = excluded.name, short_name = excluded.short_name, flag_code = excluded.flag_code, confederation = excluded.confederation, seed = excluded.seed;
insert into public.teams (id, group_code, name, short_name, flag_code, confederation, seed) values ('saudi-arabia', 'H', 'Saudi Arabia', 'KSA', 'sa', 'AFC', 3) on conflict (id) do update set group_code = excluded.group_code, name = excluded.name, short_name = excluded.short_name, flag_code = excluded.flag_code, confederation = excluded.confederation, seed = excluded.seed;
insert into public.teams (id, group_code, name, short_name, flag_code, confederation, seed) values ('uruguay', 'H', 'Uruguay', 'URU', 'uy', 'CONMEBOL', 4) on conflict (id) do update set group_code = excluded.group_code, name = excluded.name, short_name = excluded.short_name, flag_code = excluded.flag_code, confederation = excluded.confederation, seed = excluded.seed;
insert into public.teams (id, group_code, name, short_name, flag_code, confederation, seed) values ('france', 'I', 'France', 'FRA', 'fr', 'UEFA', 1) on conflict (id) do update set group_code = excluded.group_code, name = excluded.name, short_name = excluded.short_name, flag_code = excluded.flag_code, confederation = excluded.confederation, seed = excluded.seed;
insert into public.teams (id, group_code, name, short_name, flag_code, confederation, seed) values ('senegal', 'I', 'Senegal', 'SEN', 'sn', 'CAF', 2) on conflict (id) do update set group_code = excluded.group_code, name = excluded.name, short_name = excluded.short_name, flag_code = excluded.flag_code, confederation = excluded.confederation, seed = excluded.seed;
insert into public.teams (id, group_code, name, short_name, flag_code, confederation, seed) values ('iraq', 'I', 'Iraq', 'IRQ', 'iq', 'AFC', 3) on conflict (id) do update set group_code = excluded.group_code, name = excluded.name, short_name = excluded.short_name, flag_code = excluded.flag_code, confederation = excluded.confederation, seed = excluded.seed;
insert into public.teams (id, group_code, name, short_name, flag_code, confederation, seed) values ('norway', 'I', 'Norway', 'NOR', 'no', 'UEFA', 4) on conflict (id) do update set group_code = excluded.group_code, name = excluded.name, short_name = excluded.short_name, flag_code = excluded.flag_code, confederation = excluded.confederation, seed = excluded.seed;
insert into public.teams (id, group_code, name, short_name, flag_code, confederation, seed) values ('argentina', 'J', 'Argentina', 'ARG', 'ar', 'CONMEBOL', 1) on conflict (id) do update set group_code = excluded.group_code, name = excluded.name, short_name = excluded.short_name, flag_code = excluded.flag_code, confederation = excluded.confederation, seed = excluded.seed;
insert into public.teams (id, group_code, name, short_name, flag_code, confederation, seed) values ('algeria', 'J', 'Algeria', 'ALG', 'dz', 'CAF', 2) on conflict (id) do update set group_code = excluded.group_code, name = excluded.name, short_name = excluded.short_name, flag_code = excluded.flag_code, confederation = excluded.confederation, seed = excluded.seed;
insert into public.teams (id, group_code, name, short_name, flag_code, confederation, seed) values ('austria', 'J', 'Austria', 'AUT', 'at', 'UEFA', 3) on conflict (id) do update set group_code = excluded.group_code, name = excluded.name, short_name = excluded.short_name, flag_code = excluded.flag_code, confederation = excluded.confederation, seed = excluded.seed;
insert into public.teams (id, group_code, name, short_name, flag_code, confederation, seed) values ('jordan', 'J', 'Jordan', 'JOR', 'jo', 'AFC', 4) on conflict (id) do update set group_code = excluded.group_code, name = excluded.name, short_name = excluded.short_name, flag_code = excluded.flag_code, confederation = excluded.confederation, seed = excluded.seed;
insert into public.teams (id, group_code, name, short_name, flag_code, confederation, seed) values ('portugal', 'K', 'Portugal', 'POR', 'pt', 'UEFA', 1) on conflict (id) do update set group_code = excluded.group_code, name = excluded.name, short_name = excluded.short_name, flag_code = excluded.flag_code, confederation = excluded.confederation, seed = excluded.seed;
insert into public.teams (id, group_code, name, short_name, flag_code, confederation, seed) values ('dr-congo', 'K', 'DR Congo', 'COD', 'cd', 'CAF', 2) on conflict (id) do update set group_code = excluded.group_code, name = excluded.name, short_name = excluded.short_name, flag_code = excluded.flag_code, confederation = excluded.confederation, seed = excluded.seed;
insert into public.teams (id, group_code, name, short_name, flag_code, confederation, seed) values ('uzbekistan', 'K', 'Uzbekistan', 'UZB', 'uz', 'AFC', 3) on conflict (id) do update set group_code = excluded.group_code, name = excluded.name, short_name = excluded.short_name, flag_code = excluded.flag_code, confederation = excluded.confederation, seed = excluded.seed;
insert into public.teams (id, group_code, name, short_name, flag_code, confederation, seed) values ('colombia', 'K', 'Colombia', 'COL', 'co', 'CONMEBOL', 4) on conflict (id) do update set group_code = excluded.group_code, name = excluded.name, short_name = excluded.short_name, flag_code = excluded.flag_code, confederation = excluded.confederation, seed = excluded.seed;
insert into public.teams (id, group_code, name, short_name, flag_code, confederation, seed) values ('england', 'L', 'England', 'ENG', 'gb-eng', 'UEFA', 1) on conflict (id) do update set group_code = excluded.group_code, name = excluded.name, short_name = excluded.short_name, flag_code = excluded.flag_code, confederation = excluded.confederation, seed = excluded.seed;
insert into public.teams (id, group_code, name, short_name, flag_code, confederation, seed) values ('croatia', 'L', 'Croatia', 'CRO', 'hr', 'UEFA', 2) on conflict (id) do update set group_code = excluded.group_code, name = excluded.name, short_name = excluded.short_name, flag_code = excluded.flag_code, confederation = excluded.confederation, seed = excluded.seed;
insert into public.teams (id, group_code, name, short_name, flag_code, confederation, seed) values ('ghana', 'L', 'Ghana', 'GHA', 'gh', 'CAF', 3) on conflict (id) do update set group_code = excluded.group_code, name = excluded.name, short_name = excluded.short_name, flag_code = excluded.flag_code, confederation = excluded.confederation, seed = excluded.seed;
insert into public.teams (id, group_code, name, short_name, flag_code, confederation, seed) values ('panama', 'L', 'Panama', 'PAN', 'pa', 'Concacaf', 4) on conflict (id) do update set group_code = excluded.group_code, name = excluded.name, short_name = excluded.short_name, flag_code = excluded.flag_code, confederation = excluded.confederation, seed = excluded.seed;

-- Fixtures (72)
insert into public.fixtures (id, group_code, match_date, venue, home_team_id, away_team_id) values ('A-1', 'A', '2026-06-11', 'Official schedule slot', 'mexico', 'south-africa') on conflict (id) do update set group_code = excluded.group_code, match_date = excluded.match_date, venue = excluded.venue, home_team_id = excluded.home_team_id, away_team_id = excluded.away_team_id;
insert into public.fixtures (id, group_code, match_date, venue, home_team_id, away_team_id) values ('A-2', 'A', '2026-06-14', 'Official schedule slot', 'korea-republic', 'czechia') on conflict (id) do update set group_code = excluded.group_code, match_date = excluded.match_date, venue = excluded.venue, home_team_id = excluded.home_team_id, away_team_id = excluded.away_team_id;
insert into public.fixtures (id, group_code, match_date, venue, home_team_id, away_team_id) values ('A-3', 'A', '2026-06-17', 'Official schedule slot', 'mexico', 'korea-republic') on conflict (id) do update set group_code = excluded.group_code, match_date = excluded.match_date, venue = excluded.venue, home_team_id = excluded.home_team_id, away_team_id = excluded.away_team_id;
insert into public.fixtures (id, group_code, match_date, venue, home_team_id, away_team_id) values ('A-4', 'A', '2026-06-20', 'Official schedule slot', 'czechia', 'south-africa') on conflict (id) do update set group_code = excluded.group_code, match_date = excluded.match_date, venue = excluded.venue, home_team_id = excluded.home_team_id, away_team_id = excluded.away_team_id;
insert into public.fixtures (id, group_code, match_date, venue, home_team_id, away_team_id) values ('A-5', 'A', '2026-06-23', 'Official schedule slot', 'czechia', 'mexico') on conflict (id) do update set group_code = excluded.group_code, match_date = excluded.match_date, venue = excluded.venue, home_team_id = excluded.home_team_id, away_team_id = excluded.away_team_id;
insert into public.fixtures (id, group_code, match_date, venue, home_team_id, away_team_id) values ('A-6', 'A', '2026-06-26', 'Official schedule slot', 'south-africa', 'korea-republic') on conflict (id) do update set group_code = excluded.group_code, match_date = excluded.match_date, venue = excluded.venue, home_team_id = excluded.home_team_id, away_team_id = excluded.away_team_id;
insert into public.fixtures (id, group_code, match_date, venue, home_team_id, away_team_id) values ('B-1', 'B', '2026-06-12', 'Official schedule slot', 'canada', 'bosnia-herzegovina') on conflict (id) do update set group_code = excluded.group_code, match_date = excluded.match_date, venue = excluded.venue, home_team_id = excluded.home_team_id, away_team_id = excluded.away_team_id;
insert into public.fixtures (id, group_code, match_date, venue, home_team_id, away_team_id) values ('B-2', 'B', '2026-06-15', 'Official schedule slot', 'qatar', 'switzerland') on conflict (id) do update set group_code = excluded.group_code, match_date = excluded.match_date, venue = excluded.venue, home_team_id = excluded.home_team_id, away_team_id = excluded.away_team_id;
insert into public.fixtures (id, group_code, match_date, venue, home_team_id, away_team_id) values ('B-3', 'B', '2026-06-18', 'Official schedule slot', 'canada', 'qatar') on conflict (id) do update set group_code = excluded.group_code, match_date = excluded.match_date, venue = excluded.venue, home_team_id = excluded.home_team_id, away_team_id = excluded.away_team_id;
insert into public.fixtures (id, group_code, match_date, venue, home_team_id, away_team_id) values ('B-4', 'B', '2026-06-21', 'Official schedule slot', 'switzerland', 'bosnia-herzegovina') on conflict (id) do update set group_code = excluded.group_code, match_date = excluded.match_date, venue = excluded.venue, home_team_id = excluded.home_team_id, away_team_id = excluded.away_team_id;
insert into public.fixtures (id, group_code, match_date, venue, home_team_id, away_team_id) values ('B-5', 'B', '2026-06-24', 'Official schedule slot', 'switzerland', 'canada') on conflict (id) do update set group_code = excluded.group_code, match_date = excluded.match_date, venue = excluded.venue, home_team_id = excluded.home_team_id, away_team_id = excluded.away_team_id;
insert into public.fixtures (id, group_code, match_date, venue, home_team_id, away_team_id) values ('B-6', 'B', '2026-06-27', 'Official schedule slot', 'bosnia-herzegovina', 'qatar') on conflict (id) do update set group_code = excluded.group_code, match_date = excluded.match_date, venue = excluded.venue, home_team_id = excluded.home_team_id, away_team_id = excluded.away_team_id;
insert into public.fixtures (id, group_code, match_date, venue, home_team_id, away_team_id) values ('C-1', 'C', '2026-06-13', 'Official schedule slot', 'brazil', 'morocco') on conflict (id) do update set group_code = excluded.group_code, match_date = excluded.match_date, venue = excluded.venue, home_team_id = excluded.home_team_id, away_team_id = excluded.away_team_id;
insert into public.fixtures (id, group_code, match_date, venue, home_team_id, away_team_id) values ('C-2', 'C', '2026-06-16', 'Official schedule slot', 'haiti', 'scotland') on conflict (id) do update set group_code = excluded.group_code, match_date = excluded.match_date, venue = excluded.venue, home_team_id = excluded.home_team_id, away_team_id = excluded.away_team_id;
insert into public.fixtures (id, group_code, match_date, venue, home_team_id, away_team_id) values ('C-3', 'C', '2026-06-19', 'Official schedule slot', 'brazil', 'haiti') on conflict (id) do update set group_code = excluded.group_code, match_date = excluded.match_date, venue = excluded.venue, home_team_id = excluded.home_team_id, away_team_id = excluded.away_team_id;
insert into public.fixtures (id, group_code, match_date, venue, home_team_id, away_team_id) values ('C-4', 'C', '2026-06-22', 'Official schedule slot', 'scotland', 'morocco') on conflict (id) do update set group_code = excluded.group_code, match_date = excluded.match_date, venue = excluded.venue, home_team_id = excluded.home_team_id, away_team_id = excluded.away_team_id;
insert into public.fixtures (id, group_code, match_date, venue, home_team_id, away_team_id) values ('C-5', 'C', '2026-06-25', 'Official schedule slot', 'scotland', 'brazil') on conflict (id) do update set group_code = excluded.group_code, match_date = excluded.match_date, venue = excluded.venue, home_team_id = excluded.home_team_id, away_team_id = excluded.away_team_id;
insert into public.fixtures (id, group_code, match_date, venue, home_team_id, away_team_id) values ('C-6', 'C', '2026-06-11', 'Official schedule slot', 'morocco', 'haiti') on conflict (id) do update set group_code = excluded.group_code, match_date = excluded.match_date, venue = excluded.venue, home_team_id = excluded.home_team_id, away_team_id = excluded.away_team_id;
insert into public.fixtures (id, group_code, match_date, venue, home_team_id, away_team_id) values ('D-1', 'D', '2026-06-14', 'Official schedule slot', 'usa', 'paraguay') on conflict (id) do update set group_code = excluded.group_code, match_date = excluded.match_date, venue = excluded.venue, home_team_id = excluded.home_team_id, away_team_id = excluded.away_team_id;
insert into public.fixtures (id, group_code, match_date, venue, home_team_id, away_team_id) values ('D-2', 'D', '2026-06-17', 'Official schedule slot', 'australia', 'turkiye') on conflict (id) do update set group_code = excluded.group_code, match_date = excluded.match_date, venue = excluded.venue, home_team_id = excluded.home_team_id, away_team_id = excluded.away_team_id;
insert into public.fixtures (id, group_code, match_date, venue, home_team_id, away_team_id) values ('D-3', 'D', '2026-06-20', 'Official schedule slot', 'usa', 'australia') on conflict (id) do update set group_code = excluded.group_code, match_date = excluded.match_date, venue = excluded.venue, home_team_id = excluded.home_team_id, away_team_id = excluded.away_team_id;
insert into public.fixtures (id, group_code, match_date, venue, home_team_id, away_team_id) values ('D-4', 'D', '2026-06-23', 'Official schedule slot', 'turkiye', 'paraguay') on conflict (id) do update set group_code = excluded.group_code, match_date = excluded.match_date, venue = excluded.venue, home_team_id = excluded.home_team_id, away_team_id = excluded.away_team_id;
insert into public.fixtures (id, group_code, match_date, venue, home_team_id, away_team_id) values ('D-5', 'D', '2026-06-26', 'Official schedule slot', 'turkiye', 'usa') on conflict (id) do update set group_code = excluded.group_code, match_date = excluded.match_date, venue = excluded.venue, home_team_id = excluded.home_team_id, away_team_id = excluded.away_team_id;
insert into public.fixtures (id, group_code, match_date, venue, home_team_id, away_team_id) values ('D-6', 'D', '2026-06-12', 'Official schedule slot', 'paraguay', 'australia') on conflict (id) do update set group_code = excluded.group_code, match_date = excluded.match_date, venue = excluded.venue, home_team_id = excluded.home_team_id, away_team_id = excluded.away_team_id;
insert into public.fixtures (id, group_code, match_date, venue, home_team_id, away_team_id) values ('E-1', 'E', '2026-06-15', 'Official schedule slot', 'germany', 'curacao') on conflict (id) do update set group_code = excluded.group_code, match_date = excluded.match_date, venue = excluded.venue, home_team_id = excluded.home_team_id, away_team_id = excluded.away_team_id;
insert into public.fixtures (id, group_code, match_date, venue, home_team_id, away_team_id) values ('E-2', 'E', '2026-06-18', 'Official schedule slot', 'cote-divoire', 'ecuador') on conflict (id) do update set group_code = excluded.group_code, match_date = excluded.match_date, venue = excluded.venue, home_team_id = excluded.home_team_id, away_team_id = excluded.away_team_id;
insert into public.fixtures (id, group_code, match_date, venue, home_team_id, away_team_id) values ('E-3', 'E', '2026-06-21', 'Official schedule slot', 'germany', 'cote-divoire') on conflict (id) do update set group_code = excluded.group_code, match_date = excluded.match_date, venue = excluded.venue, home_team_id = excluded.home_team_id, away_team_id = excluded.away_team_id;
insert into public.fixtures (id, group_code, match_date, venue, home_team_id, away_team_id) values ('E-4', 'E', '2026-06-24', 'Official schedule slot', 'ecuador', 'curacao') on conflict (id) do update set group_code = excluded.group_code, match_date = excluded.match_date, venue = excluded.venue, home_team_id = excluded.home_team_id, away_team_id = excluded.away_team_id;
insert into public.fixtures (id, group_code, match_date, venue, home_team_id, away_team_id) values ('E-5', 'E', '2026-06-27', 'Official schedule slot', 'ecuador', 'germany') on conflict (id) do update set group_code = excluded.group_code, match_date = excluded.match_date, venue = excluded.venue, home_team_id = excluded.home_team_id, away_team_id = excluded.away_team_id;
insert into public.fixtures (id, group_code, match_date, venue, home_team_id, away_team_id) values ('E-6', 'E', '2026-06-13', 'Official schedule slot', 'curacao', 'cote-divoire') on conflict (id) do update set group_code = excluded.group_code, match_date = excluded.match_date, venue = excluded.venue, home_team_id = excluded.home_team_id, away_team_id = excluded.away_team_id;
insert into public.fixtures (id, group_code, match_date, venue, home_team_id, away_team_id) values ('F-1', 'F', '2026-06-16', 'Official schedule slot', 'netherlands', 'japan') on conflict (id) do update set group_code = excluded.group_code, match_date = excluded.match_date, venue = excluded.venue, home_team_id = excluded.home_team_id, away_team_id = excluded.away_team_id;
insert into public.fixtures (id, group_code, match_date, venue, home_team_id, away_team_id) values ('F-2', 'F', '2026-06-19', 'Official schedule slot', 'sweden', 'tunisia') on conflict (id) do update set group_code = excluded.group_code, match_date = excluded.match_date, venue = excluded.venue, home_team_id = excluded.home_team_id, away_team_id = excluded.away_team_id;
insert into public.fixtures (id, group_code, match_date, venue, home_team_id, away_team_id) values ('F-3', 'F', '2026-06-22', 'Official schedule slot', 'netherlands', 'sweden') on conflict (id) do update set group_code = excluded.group_code, match_date = excluded.match_date, venue = excluded.venue, home_team_id = excluded.home_team_id, away_team_id = excluded.away_team_id;
insert into public.fixtures (id, group_code, match_date, venue, home_team_id, away_team_id) values ('F-4', 'F', '2026-06-25', 'Official schedule slot', 'tunisia', 'japan') on conflict (id) do update set group_code = excluded.group_code, match_date = excluded.match_date, venue = excluded.venue, home_team_id = excluded.home_team_id, away_team_id = excluded.away_team_id;
insert into public.fixtures (id, group_code, match_date, venue, home_team_id, away_team_id) values ('F-5', 'F', '2026-06-11', 'Official schedule slot', 'tunisia', 'netherlands') on conflict (id) do update set group_code = excluded.group_code, match_date = excluded.match_date, venue = excluded.venue, home_team_id = excluded.home_team_id, away_team_id = excluded.away_team_id;
insert into public.fixtures (id, group_code, match_date, venue, home_team_id, away_team_id) values ('F-6', 'F', '2026-06-14', 'Official schedule slot', 'japan', 'sweden') on conflict (id) do update set group_code = excluded.group_code, match_date = excluded.match_date, venue = excluded.venue, home_team_id = excluded.home_team_id, away_team_id = excluded.away_team_id;
insert into public.fixtures (id, group_code, match_date, venue, home_team_id, away_team_id) values ('G-1', 'G', '2026-06-17', 'Official schedule slot', 'belgium', 'egypt') on conflict (id) do update set group_code = excluded.group_code, match_date = excluded.match_date, venue = excluded.venue, home_team_id = excluded.home_team_id, away_team_id = excluded.away_team_id;
insert into public.fixtures (id, group_code, match_date, venue, home_team_id, away_team_id) values ('G-2', 'G', '2026-06-20', 'Official schedule slot', 'iran', 'new-zealand') on conflict (id) do update set group_code = excluded.group_code, match_date = excluded.match_date, venue = excluded.venue, home_team_id = excluded.home_team_id, away_team_id = excluded.away_team_id;
insert into public.fixtures (id, group_code, match_date, venue, home_team_id, away_team_id) values ('G-3', 'G', '2026-06-23', 'Official schedule slot', 'belgium', 'iran') on conflict (id) do update set group_code = excluded.group_code, match_date = excluded.match_date, venue = excluded.venue, home_team_id = excluded.home_team_id, away_team_id = excluded.away_team_id;
insert into public.fixtures (id, group_code, match_date, venue, home_team_id, away_team_id) values ('G-4', 'G', '2026-06-26', 'Official schedule slot', 'new-zealand', 'egypt') on conflict (id) do update set group_code = excluded.group_code, match_date = excluded.match_date, venue = excluded.venue, home_team_id = excluded.home_team_id, away_team_id = excluded.away_team_id;
insert into public.fixtures (id, group_code, match_date, venue, home_team_id, away_team_id) values ('G-5', 'G', '2026-06-12', 'Official schedule slot', 'new-zealand', 'belgium') on conflict (id) do update set group_code = excluded.group_code, match_date = excluded.match_date, venue = excluded.venue, home_team_id = excluded.home_team_id, away_team_id = excluded.away_team_id;
insert into public.fixtures (id, group_code, match_date, venue, home_team_id, away_team_id) values ('G-6', 'G', '2026-06-15', 'Official schedule slot', 'egypt', 'iran') on conflict (id) do update set group_code = excluded.group_code, match_date = excluded.match_date, venue = excluded.venue, home_team_id = excluded.home_team_id, away_team_id = excluded.away_team_id;
insert into public.fixtures (id, group_code, match_date, venue, home_team_id, away_team_id) values ('H-1', 'H', '2026-06-18', 'Official schedule slot', 'spain', 'cabo-verde') on conflict (id) do update set group_code = excluded.group_code, match_date = excluded.match_date, venue = excluded.venue, home_team_id = excluded.home_team_id, away_team_id = excluded.away_team_id;
insert into public.fixtures (id, group_code, match_date, venue, home_team_id, away_team_id) values ('H-2', 'H', '2026-06-21', 'Official schedule slot', 'saudi-arabia', 'uruguay') on conflict (id) do update set group_code = excluded.group_code, match_date = excluded.match_date, venue = excluded.venue, home_team_id = excluded.home_team_id, away_team_id = excluded.away_team_id;
insert into public.fixtures (id, group_code, match_date, venue, home_team_id, away_team_id) values ('H-3', 'H', '2026-06-24', 'Official schedule slot', 'spain', 'saudi-arabia') on conflict (id) do update set group_code = excluded.group_code, match_date = excluded.match_date, venue = excluded.venue, home_team_id = excluded.home_team_id, away_team_id = excluded.away_team_id;
insert into public.fixtures (id, group_code, match_date, venue, home_team_id, away_team_id) values ('H-4', 'H', '2026-06-27', 'Official schedule slot', 'uruguay', 'cabo-verde') on conflict (id) do update set group_code = excluded.group_code, match_date = excluded.match_date, venue = excluded.venue, home_team_id = excluded.home_team_id, away_team_id = excluded.away_team_id;
insert into public.fixtures (id, group_code, match_date, venue, home_team_id, away_team_id) values ('H-5', 'H', '2026-06-13', 'Official schedule slot', 'uruguay', 'spain') on conflict (id) do update set group_code = excluded.group_code, match_date = excluded.match_date, venue = excluded.venue, home_team_id = excluded.home_team_id, away_team_id = excluded.away_team_id;
insert into public.fixtures (id, group_code, match_date, venue, home_team_id, away_team_id) values ('H-6', 'H', '2026-06-16', 'Official schedule slot', 'cabo-verde', 'saudi-arabia') on conflict (id) do update set group_code = excluded.group_code, match_date = excluded.match_date, venue = excluded.venue, home_team_id = excluded.home_team_id, away_team_id = excluded.away_team_id;
insert into public.fixtures (id, group_code, match_date, venue, home_team_id, away_team_id) values ('I-1', 'I', '2026-06-19', 'Official schedule slot', 'france', 'senegal') on conflict (id) do update set group_code = excluded.group_code, match_date = excluded.match_date, venue = excluded.venue, home_team_id = excluded.home_team_id, away_team_id = excluded.away_team_id;
insert into public.fixtures (id, group_code, match_date, venue, home_team_id, away_team_id) values ('I-2', 'I', '2026-06-22', 'Official schedule slot', 'iraq', 'norway') on conflict (id) do update set group_code = excluded.group_code, match_date = excluded.match_date, venue = excluded.venue, home_team_id = excluded.home_team_id, away_team_id = excluded.away_team_id;
insert into public.fixtures (id, group_code, match_date, venue, home_team_id, away_team_id) values ('I-3', 'I', '2026-06-25', 'Official schedule slot', 'france', 'iraq') on conflict (id) do update set group_code = excluded.group_code, match_date = excluded.match_date, venue = excluded.venue, home_team_id = excluded.home_team_id, away_team_id = excluded.away_team_id;
insert into public.fixtures (id, group_code, match_date, venue, home_team_id, away_team_id) values ('I-4', 'I', '2026-06-11', 'Official schedule slot', 'norway', 'senegal') on conflict (id) do update set group_code = excluded.group_code, match_date = excluded.match_date, venue = excluded.venue, home_team_id = excluded.home_team_id, away_team_id = excluded.away_team_id;
insert into public.fixtures (id, group_code, match_date, venue, home_team_id, away_team_id) values ('I-5', 'I', '2026-06-14', 'Official schedule slot', 'norway', 'france') on conflict (id) do update set group_code = excluded.group_code, match_date = excluded.match_date, venue = excluded.venue, home_team_id = excluded.home_team_id, away_team_id = excluded.away_team_id;
insert into public.fixtures (id, group_code, match_date, venue, home_team_id, away_team_id) values ('I-6', 'I', '2026-06-17', 'Official schedule slot', 'senegal', 'iraq') on conflict (id) do update set group_code = excluded.group_code, match_date = excluded.match_date, venue = excluded.venue, home_team_id = excluded.home_team_id, away_team_id = excluded.away_team_id;
insert into public.fixtures (id, group_code, match_date, venue, home_team_id, away_team_id) values ('J-1', 'J', '2026-06-20', 'Official schedule slot', 'argentina', 'algeria') on conflict (id) do update set group_code = excluded.group_code, match_date = excluded.match_date, venue = excluded.venue, home_team_id = excluded.home_team_id, away_team_id = excluded.away_team_id;
insert into public.fixtures (id, group_code, match_date, venue, home_team_id, away_team_id) values ('J-2', 'J', '2026-06-23', 'Official schedule slot', 'austria', 'jordan') on conflict (id) do update set group_code = excluded.group_code, match_date = excluded.match_date, venue = excluded.venue, home_team_id = excluded.home_team_id, away_team_id = excluded.away_team_id;
insert into public.fixtures (id, group_code, match_date, venue, home_team_id, away_team_id) values ('J-3', 'J', '2026-06-26', 'Official schedule slot', 'argentina', 'austria') on conflict (id) do update set group_code = excluded.group_code, match_date = excluded.match_date, venue = excluded.venue, home_team_id = excluded.home_team_id, away_team_id = excluded.away_team_id;
insert into public.fixtures (id, group_code, match_date, venue, home_team_id, away_team_id) values ('J-4', 'J', '2026-06-12', 'Official schedule slot', 'jordan', 'algeria') on conflict (id) do update set group_code = excluded.group_code, match_date = excluded.match_date, venue = excluded.venue, home_team_id = excluded.home_team_id, away_team_id = excluded.away_team_id;
insert into public.fixtures (id, group_code, match_date, venue, home_team_id, away_team_id) values ('J-5', 'J', '2026-06-15', 'Official schedule slot', 'jordan', 'argentina') on conflict (id) do update set group_code = excluded.group_code, match_date = excluded.match_date, venue = excluded.venue, home_team_id = excluded.home_team_id, away_team_id = excluded.away_team_id;
insert into public.fixtures (id, group_code, match_date, venue, home_team_id, away_team_id) values ('J-6', 'J', '2026-06-18', 'Official schedule slot', 'algeria', 'austria') on conflict (id) do update set group_code = excluded.group_code, match_date = excluded.match_date, venue = excluded.venue, home_team_id = excluded.home_team_id, away_team_id = excluded.away_team_id;
insert into public.fixtures (id, group_code, match_date, venue, home_team_id, away_team_id) values ('K-1', 'K', '2026-06-21', 'Official schedule slot', 'portugal', 'dr-congo') on conflict (id) do update set group_code = excluded.group_code, match_date = excluded.match_date, venue = excluded.venue, home_team_id = excluded.home_team_id, away_team_id = excluded.away_team_id;
insert into public.fixtures (id, group_code, match_date, venue, home_team_id, away_team_id) values ('K-2', 'K', '2026-06-24', 'Official schedule slot', 'uzbekistan', 'colombia') on conflict (id) do update set group_code = excluded.group_code, match_date = excluded.match_date, venue = excluded.venue, home_team_id = excluded.home_team_id, away_team_id = excluded.away_team_id;
insert into public.fixtures (id, group_code, match_date, venue, home_team_id, away_team_id) values ('K-3', 'K', '2026-06-27', 'Official schedule slot', 'portugal', 'uzbekistan') on conflict (id) do update set group_code = excluded.group_code, match_date = excluded.match_date, venue = excluded.venue, home_team_id = excluded.home_team_id, away_team_id = excluded.away_team_id;
insert into public.fixtures (id, group_code, match_date, venue, home_team_id, away_team_id) values ('K-4', 'K', '2026-06-13', 'Official schedule slot', 'colombia', 'dr-congo') on conflict (id) do update set group_code = excluded.group_code, match_date = excluded.match_date, venue = excluded.venue, home_team_id = excluded.home_team_id, away_team_id = excluded.away_team_id;
insert into public.fixtures (id, group_code, match_date, venue, home_team_id, away_team_id) values ('K-5', 'K', '2026-06-16', 'Official schedule slot', 'colombia', 'portugal') on conflict (id) do update set group_code = excluded.group_code, match_date = excluded.match_date, venue = excluded.venue, home_team_id = excluded.home_team_id, away_team_id = excluded.away_team_id;
insert into public.fixtures (id, group_code, match_date, venue, home_team_id, away_team_id) values ('K-6', 'K', '2026-06-19', 'Official schedule slot', 'dr-congo', 'uzbekistan') on conflict (id) do update set group_code = excluded.group_code, match_date = excluded.match_date, venue = excluded.venue, home_team_id = excluded.home_team_id, away_team_id = excluded.away_team_id;
insert into public.fixtures (id, group_code, match_date, venue, home_team_id, away_team_id) values ('L-1', 'L', '2026-06-22', 'Official schedule slot', 'england', 'croatia') on conflict (id) do update set group_code = excluded.group_code, match_date = excluded.match_date, venue = excluded.venue, home_team_id = excluded.home_team_id, away_team_id = excluded.away_team_id;
insert into public.fixtures (id, group_code, match_date, venue, home_team_id, away_team_id) values ('L-2', 'L', '2026-06-25', 'Official schedule slot', 'ghana', 'panama') on conflict (id) do update set group_code = excluded.group_code, match_date = excluded.match_date, venue = excluded.venue, home_team_id = excluded.home_team_id, away_team_id = excluded.away_team_id;
insert into public.fixtures (id, group_code, match_date, venue, home_team_id, away_team_id) values ('L-3', 'L', '2026-06-11', 'Official schedule slot', 'england', 'ghana') on conflict (id) do update set group_code = excluded.group_code, match_date = excluded.match_date, venue = excluded.venue, home_team_id = excluded.home_team_id, away_team_id = excluded.away_team_id;
insert into public.fixtures (id, group_code, match_date, venue, home_team_id, away_team_id) values ('L-4', 'L', '2026-06-14', 'Official schedule slot', 'panama', 'croatia') on conflict (id) do update set group_code = excluded.group_code, match_date = excluded.match_date, venue = excluded.venue, home_team_id = excluded.home_team_id, away_team_id = excluded.away_team_id;
insert into public.fixtures (id, group_code, match_date, venue, home_team_id, away_team_id) values ('L-5', 'L', '2026-06-17', 'Official schedule slot', 'panama', 'england') on conflict (id) do update set group_code = excluded.group_code, match_date = excluded.match_date, venue = excluded.venue, home_team_id = excluded.home_team_id, away_team_id = excluded.away_team_id;
insert into public.fixtures (id, group_code, match_date, venue, home_team_id, away_team_id) values ('L-6', 'L', '2026-06-20', 'Official schedule slot', 'croatia', 'ghana') on conflict (id) do update set group_code = excluded.group_code, match_date = excluded.match_date, venue = excluded.venue, home_team_id = excluded.home_team_id, away_team_id = excluded.away_team_id;

-- Members (8)
insert into public.members (member_key, real_name, line_display_name) values ('m-kono', '河野', 'kono') on conflict (member_key) do update set real_name = excluded.real_name, line_display_name = excluded.line_display_name;
insert into public.members (member_key, real_name, line_display_name) values ('m-yabe', '矢部', 'yabe') on conflict (member_key) do update set real_name = excluded.real_name, line_display_name = excluded.line_display_name;
insert into public.members (member_key, real_name, line_display_name) values ('m-okamoto', '岡本', 'okamoto') on conflict (member_key) do update set real_name = excluded.real_name, line_display_name = excluded.line_display_name;
insert into public.members (member_key, real_name, line_display_name) values ('m-satake', '佐竹', 'satake') on conflict (member_key) do update set real_name = excluded.real_name, line_display_name = excluded.line_display_name;
insert into public.members (member_key, real_name, line_display_name) values ('m-kodama', '児玉', 'kodama') on conflict (member_key) do update set real_name = excluded.real_name, line_display_name = excluded.line_display_name;
insert into public.members (member_key, real_name, line_display_name) values ('m-shibata', '柴田', 'shibata') on conflict (member_key) do update set real_name = excluded.real_name, line_display_name = excluded.line_display_name;
insert into public.members (member_key, real_name, line_display_name) values ('m-yonezawa', '米澤', 'yonezawa') on conflict (member_key) do update set real_name = excluded.real_name, line_display_name = excluded.line_display_name;
insert into public.members (member_key, real_name, line_display_name) values ('m-trapelko', '秘書トラペル子', 'trapelko-npc') on conflict (member_key) do update set real_name = excluded.real_name, line_display_name = excluded.line_display_name;

-- Selections (64) referencing members by member_key
insert into public.selections (member_id, team_id, owner_slot) select id, 'mexico', 1 from public.members where member_key = 'm-kono' on conflict (member_id, team_id) do nothing;
insert into public.selections (member_id, team_id, owner_slot) select id, 'brazil', 1 from public.members where member_key = 'm-kono' on conflict (member_id, team_id) do nothing;
insert into public.selections (member_id, team_id, owner_slot) select id, 'morocco', 1 from public.members where member_key = 'm-kono' on conflict (member_id, team_id) do nothing;
insert into public.selections (member_id, team_id, owner_slot) select id, 'usa', 1 from public.members where member_key = 'm-kono' on conflict (member_id, team_id) do nothing;
insert into public.selections (member_id, team_id, owner_slot) select id, 'cote-divoire', 1 from public.members where member_key = 'm-kono' on conflict (member_id, team_id) do nothing;
insert into public.selections (member_id, team_id, owner_slot) select id, 'tunisia', 1 from public.members where member_key = 'm-kono' on conflict (member_id, team_id) do nothing;
insert into public.selections (member_id, team_id, owner_slot) select id, 'norway', 1 from public.members where member_key = 'm-kono' on conflict (member_id, team_id) do nothing;
insert into public.selections (member_id, team_id, owner_slot) select id, 'ghana', 1 from public.members where member_key = 'm-kono' on conflict (member_id, team_id) do nothing;
insert into public.selections (member_id, team_id, owner_slot) select id, 'korea-republic', 1 from public.members where member_key = 'm-yabe' on conflict (member_id, team_id) do nothing;
insert into public.selections (member_id, team_id, owner_slot) select id, 'czechia', 1 from public.members where member_key = 'm-yabe' on conflict (member_id, team_id) do nothing;
insert into public.selections (member_id, team_id, owner_slot) select id, 'germany', 1 from public.members where member_key = 'm-yabe' on conflict (member_id, team_id) do nothing;
insert into public.selections (member_id, team_id, owner_slot) select id, 'japan', 1 from public.members where member_key = 'm-yabe' on conflict (member_id, team_id) do nothing;
insert into public.selections (member_id, team_id, owner_slot) select id, 'saudi-arabia', 1 from public.members where member_key = 'm-yabe' on conflict (member_id, team_id) do nothing;
insert into public.selections (member_id, team_id, owner_slot) select id, 'uruguay', 1 from public.members where member_key = 'm-yabe' on conflict (member_id, team_id) do nothing;
insert into public.selections (member_id, team_id, owner_slot) select id, 'iraq', 1 from public.members where member_key = 'm-yabe' on conflict (member_id, team_id) do nothing;
insert into public.selections (member_id, team_id, owner_slot) select id, 'england', 1 from public.members where member_key = 'm-yabe' on conflict (member_id, team_id) do nothing;
insert into public.selections (member_id, team_id, owner_slot) select id, 'mexico', 2 from public.members where member_key = 'm-okamoto' on conflict (member_id, team_id) do nothing;
insert into public.selections (member_id, team_id, owner_slot) select id, 'bosnia-herzegovina', 1 from public.members where member_key = 'm-okamoto' on conflict (member_id, team_id) do nothing;
insert into public.selections (member_id, team_id, owner_slot) select id, 'morocco', 2 from public.members where member_key = 'm-okamoto' on conflict (member_id, team_id) do nothing;
insert into public.selections (member_id, team_id, owner_slot) select id, 'cote-divoire', 2 from public.members where member_key = 'm-okamoto' on conflict (member_id, team_id) do nothing;
insert into public.selections (member_id, team_id, owner_slot) select id, 'japan', 2 from public.members where member_key = 'm-okamoto' on conflict (member_id, team_id) do nothing;
insert into public.selections (member_id, team_id, owner_slot) select id, 'belgium', 1 from public.members where member_key = 'm-okamoto' on conflict (member_id, team_id) do nothing;
insert into public.selections (member_id, team_id, owner_slot) select id, 'uzbekistan', 1 from public.members where member_key = 'm-okamoto' on conflict (member_id, team_id) do nothing;
insert into public.selections (member_id, team_id, owner_slot) select id, 'panama', 1 from public.members where member_key = 'm-okamoto' on conflict (member_id, team_id) do nothing;
insert into public.selections (member_id, team_id, owner_slot) select id, 'canada', 1 from public.members where member_key = 'm-satake' on conflict (member_id, team_id) do nothing;
insert into public.selections (member_id, team_id, owner_slot) select id, 'brazil', 2 from public.members where member_key = 'm-satake' on conflict (member_id, team_id) do nothing;
insert into public.selections (member_id, team_id, owner_slot) select id, 'paraguay', 1 from public.members where member_key = 'm-satake' on conflict (member_id, team_id) do nothing;
insert into public.selections (member_id, team_id, owner_slot) select id, 'turkiye', 1 from public.members where member_key = 'm-satake' on conflict (member_id, team_id) do nothing;
insert into public.selections (member_id, team_id, owner_slot) select id, 'new-zealand', 1 from public.members where member_key = 'm-satake' on conflict (member_id, team_id) do nothing;
insert into public.selections (member_id, team_id, owner_slot) select id, 'france', 1 from public.members where member_key = 'm-satake' on conflict (member_id, team_id) do nothing;
insert into public.selections (member_id, team_id, owner_slot) select id, 'argentina', 1 from public.members where member_key = 'm-satake' on conflict (member_id, team_id) do nothing;
insert into public.selections (member_id, team_id, owner_slot) select id, 'algeria', 1 from public.members where member_key = 'm-satake' on conflict (member_id, team_id) do nothing;
insert into public.selections (member_id, team_id, owner_slot) select id, 'south-africa', 1 from public.members where member_key = 'm-kodama' on conflict (member_id, team_id) do nothing;
insert into public.selections (member_id, team_id, owner_slot) select id, 'curacao', 1 from public.members where member_key = 'm-kodama' on conflict (member_id, team_id) do nothing;
insert into public.selections (member_id, team_id, owner_slot) select id, 'netherlands', 1 from public.members where member_key = 'm-kodama' on conflict (member_id, team_id) do nothing;
insert into public.selections (member_id, team_id, owner_slot) select id, 'spain', 1 from public.members where member_key = 'm-kodama' on conflict (member_id, team_id) do nothing;
insert into public.selections (member_id, team_id, owner_slot) select id, 'saudi-arabia', 2 from public.members where member_key = 'm-kodama' on conflict (member_id, team_id) do nothing;
insert into public.selections (member_id, team_id, owner_slot) select id, 'france', 2 from public.members where member_key = 'm-kodama' on conflict (member_id, team_id) do nothing;
insert into public.selections (member_id, team_id, owner_slot) select id, 'jordan', 1 from public.members where member_key = 'm-kodama' on conflict (member_id, team_id) do nothing;
insert into public.selections (member_id, team_id, owner_slot) select id, 'portugal', 1 from public.members where member_key = 'm-kodama' on conflict (member_id, team_id) do nothing;
insert into public.selections (member_id, team_id, owner_slot) select id, 'czechia', 2 from public.members where member_key = 'm-shibata' on conflict (member_id, team_id) do nothing;
insert into public.selections (member_id, team_id, owner_slot) select id, 'switzerland', 1 from public.members where member_key = 'm-shibata' on conflict (member_id, team_id) do nothing;
insert into public.selections (member_id, team_id, owner_slot) select id, 'scotland', 1 from public.members where member_key = 'm-shibata' on conflict (member_id, team_id) do nothing;
insert into public.selections (member_id, team_id, owner_slot) select id, 'uruguay', 2 from public.members where member_key = 'm-shibata' on conflict (member_id, team_id) do nothing;
insert into public.selections (member_id, team_id, owner_slot) select id, 'argentina', 2 from public.members where member_key = 'm-shibata' on conflict (member_id, team_id) do nothing;
insert into public.selections (member_id, team_id, owner_slot) select id, 'colombia', 1 from public.members where member_key = 'm-shibata' on conflict (member_id, team_id) do nothing;
insert into public.selections (member_id, team_id, owner_slot) select id, 'england', 2 from public.members where member_key = 'm-shibata' on conflict (member_id, team_id) do nothing;
insert into public.selections (member_id, team_id, owner_slot) select id, 'croatia', 1 from public.members where member_key = 'm-shibata' on conflict (member_id, team_id) do nothing;
insert into public.selections (member_id, team_id, owner_slot) select id, 'turkiye', 2 from public.members where member_key = 'm-yonezawa' on conflict (member_id, team_id) do nothing;
insert into public.selections (member_id, team_id, owner_slot) select id, 'germany', 2 from public.members where member_key = 'm-yonezawa' on conflict (member_id, team_id) do nothing;
insert into public.selections (member_id, team_id, owner_slot) select id, 'tunisia', 2 from public.members where member_key = 'm-yonezawa' on conflict (member_id, team_id) do nothing;
insert into public.selections (member_id, team_id, owner_slot) select id, 'belgium', 2 from public.members where member_key = 'm-yonezawa' on conflict (member_id, team_id) do nothing;
insert into public.selections (member_id, team_id, owner_slot) select id, 'spain', 2 from public.members where member_key = 'm-yonezawa' on conflict (member_id, team_id) do nothing;
insert into public.selections (member_id, team_id, owner_slot) select id, 'jordan', 2 from public.members where member_key = 'm-yonezawa' on conflict (member_id, team_id) do nothing;
insert into public.selections (member_id, team_id, owner_slot) select id, 'portugal', 2 from public.members where member_key = 'm-yonezawa' on conflict (member_id, team_id) do nothing;
insert into public.selections (member_id, team_id, owner_slot) select id, 'croatia', 2 from public.members where member_key = 'm-yonezawa' on conflict (member_id, team_id) do nothing;
insert into public.selections (member_id, team_id, owner_slot) select id, 'south-africa', 2 from public.members where member_key = 'm-trapelko' on conflict (member_id, team_id) do nothing;
insert into public.selections (member_id, team_id, owner_slot) select id, 'iraq', 2 from public.members where member_key = 'm-trapelko' on conflict (member_id, team_id) do nothing;
insert into public.selections (member_id, team_id, owner_slot) select id, 'curacao', 2 from public.members where member_key = 'm-trapelko' on conflict (member_id, team_id) do nothing;
insert into public.selections (member_id, team_id, owner_slot) select id, 'senegal', 1 from public.members where member_key = 'm-trapelko' on conflict (member_id, team_id) do nothing;
insert into public.selections (member_id, team_id, owner_slot) select id, 'haiti', 1 from public.members where member_key = 'm-trapelko' on conflict (member_id, team_id) do nothing;
insert into public.selections (member_id, team_id, owner_slot) select id, 'ghana', 2 from public.members where member_key = 'm-trapelko' on conflict (member_id, team_id) do nothing;
insert into public.selections (member_id, team_id, owner_slot) select id, 'korea-republic', 2 from public.members where member_key = 'm-trapelko' on conflict (member_id, team_id) do nothing;
insert into public.selections (member_id, team_id, owner_slot) select id, 'dr-congo', 1 from public.members where member_key = 'm-trapelko' on conflict (member_id, team_id) do nothing;

-- Default ruleset (2022 previous-tournament rules)
insert into public.rulesets (id, rules, awards) values ('default', '{"win":5,"penaltyWin":3,"draw":1,"goalMargin3Bonus":3,"hatTrickBonus":5,"knockoutQualifiedBonus":5,"thirdPlaceBonus":5,"runnerUpBonus":10,"championBonus":15,"allLossBonus":10,"mvpBonus":10,"topScorerBonus":10,"yellowCardsFourPenalty":-2,"redCardPenalty":-2,"ownGoalPenalty":-2,"japanMultiplier":2}'::jsonb, '{}'::jsonb) on conflict (id) do update set rules = excluded.rules;

commit;
